{"cameraMode":{"drawMode":0,"name":"Shaded","section":"Shading Mode"},"sceneLighting":true,"audioPlay":false,"sceneViewState":{"m_AlwaysRefresh":false,"showFog":true,"showSkybox":true,"showFlares":true,"showImageEffects":true,"showParticleSystems":true,"showVisualEffectGraphs":true,"m_FxEnabled":true},"in2DMode":false,"pivot":{"x":-0.46814513206481936,"y":2.059568405151367,"z":-2.5339460372924806},"rotation":{"x":0.2799150049686432,"y":-0.1319630742073059,"z":0.038858357816934589,"w":0.9501333236694336},"size":8.043124198913575,"orthographic":false}