{"cameraMode":{"drawMode":0,"name":"Shaded","section":"Shading Mode"},"sceneLighting":false,"audioPlay":false,"sceneViewState":{"m_AlwaysRefresh":false,"showFog":true,"showSkybox":false,"showFlares":true,"showImageEffects":true,"showParticleSystems":true,"showVisualEffectGraphs":true,"m_FxEnabled":true},"in2DMode":false,"pivot":{"x":3.8224430084228517,"y":0.6591653823852539,"z":1.6318256855010987},"rotation":{"x":-0.02605285309255123,"y":0.966212809085846,"z":-0.1082884669303894,"w":-0.23245756328105927},"size":1.8163591623306275,"orthographic":false}